{
  "project_info": {
    "project_number": "17373544531",
    "project_id": "laboratory-7962a",
    "storage_bucket": "laboratory-7962a.appspot.com"
  },
  "client": [
    {
      "client_info": {
        "mobilesdk_app_id": "1:17373544531:android:14f8430ddc2b5db39d46a6",
        "android_client_info": {
          "package_name": "com.example.leboratory"
        }
      },
      "oauth_client": [
        {
          "client_id": "17373544531-jc34s0kg0g1iab4b4er6b2i7i919nlpa.apps.googleusercontent.com",
          "client_type": 1,
          "android_info": {
            "package_name": "com.example.leboratory",
            "certificate_hash": "72ca5192436bacfc0ddb4d8e5cda8a7209384a5c"
          }
        },
        {
          "client_id": "17373544531-sokpbg7dp8b6liq4ig3gcdbaernh7ice.apps.googleusercontent.com",
          "client_type": 3
        }
      ],
      "api_key": [
        {
          "current_key": "AIzaSyDpQJ5OCIYCQLzDM-llLTOZ13rDpPfKFX4"
        }
      ],
      "services": {
        "appinvite_service": {
          "other_platform_oauth_client": [
            {
              "client_id": "17373544531-sokpbg7dp8b6liq4ig3gcdbaernh7ice.apps.googleusercontent.com",
              "client_type": 3
            }
          ]
        }
      }
    }
  ],
  "configuration_version": "1"
}